{"arch": "v3", "input_layout": "[1, 6*29] normalized frames flattened (oldest..newest)", "x_mean": [[-0.1423080861568451, -0.10394003987312317, 0.0041744280606508255, 0.14404064416885376, 0.07766719162464142, -0.024327337741851807, -0.04165693372488022, -0.03261528164148331, -0.1009095087647438, -0.05487120896577835, -0.03428974375128746, 0.06547436118125916, 0.022818665951490402, -0.00035586097510531545, -0.00033065356547012925, 0.03387235850095749, -0.019843529909849167, 4.2595902414177544e-06, 6.408131270063677e-08, 0.011978394351899624, -0.016660286113619804, 0.013308844529092312, 0.020739350467920303, -1.1085214737249771e-06, 6.370997880367213e-07, -4.470165197334168e-19, -3.082820394276159e-20, 5.593561384440937e-20, -1.097320998506654e-20]], "x_std": [[2.134377956390381, 2.295886516571045, 1.4413106441497803, 2.221468687057495, 2.2628867626190186, 2.149949073791504, 0.7172556519508362, 0.7983826994895935, 1.3685976266860962, 0.9254144430160522, 1.039094090461731, 0.8044102191925049, 0.8279837965965271, 0.02666027843952179, 0.04757653921842575, 0.6725606918334961, 0.6679745316505432, 0.00047697231639176607, 4.295792223274475e-06, 0.292060911655426, 0.2940787076950073, 0.29884108901023865, 0.26697757840156555, 0.0002198729052906856, 0.0001407036033924669, 9.999999974752427e-07, 9.999999974752427e-07, 9.999999974752427e-07, 9.999999974752427e-07]], "window": 6, "base_dim": 29, "in_dim": 174, "num_bodies": 5, "body_names": ["left_arm", "left_leg", "right_arm", "right_leg", "trunk"], "regions": true, "det_thresh": 0.5, "force_max": 40.0, "contact_thresh": 0.05, "imp_norm": false, "input_source": "resid"}